{"cameraMode":{"drawMode":0,"name":"Shaded","section":"Shading Mode"},"sceneLighting":true,"audioPlay":false,"sceneViewState":{"m_AlwaysRefresh":false,"showFog":true,"showSkybox":true,"showFlares":true,"showImageEffects":true,"showParticleSystems":true,"showVisualEffectGraphs":true,"m_FxEnabled":true},"in2DMode":false,"pivot":{"x":0.39692458510398867,"y":19.41929054260254,"z":-5.832614898681641},"rotation":{"x":0.016189739108085634,"y":-0.0009028040221892297,"z":-0.000014244425074139144,"w":-0.9998703002929688},"size":20.607419967651368,"orthographic":false}