{"cameraMode":{"drawMode":0,"name":"Shaded","section":"Shading Mode"},"sceneLighting":false,"audioPlay":false,"sceneViewState":{"m_AlwaysRefresh":false,"showFog":true,"showSkybox":false,"showFlares":true,"showImageEffects":true,"showParticleSystems":true,"showVisualEffectGraphs":true,"m_FxEnabled":true},"in2DMode":false,"pivot":{"x":-5.960464477539063e-8,"y":0.20198917388916017,"z":1.1920928955078126e-7},"rotation":{"x":-0.09759780019521713,"y":-0.03373442962765694,"z":0.003310633124783635,"w":-0.994651198387146},"size":1.0852917432785035,"orthographic":false}